<CHIPLIST>

	<CHIP>
		<NAME>ATtiny13A</NAME>
		<FLASH>1024</FLASH>
		<EEPROM>64</EEPROM>
		<SIG>0x0007901E</SIG>
		<PAGE>64</PAGE>
		<LFUSE>YES</LFUSE>
		<HFUSE>YES</HFUSE>
		<EFUSE>YES</EFUSE>
		<LOCK>YES</LOCK>
		<CALIB>YES</CALIB>
		<PLACEMENT>.\Images\Placements\ZIF_DIP_40.bmp</PLACEMENT>
	</CHIP>



	<CHIP>
		<NAME>ATtiny24</NAME>
		<FLASH>2048</FLASH>
		<EEPROM>128</EEPROM>
		<SIG>0x000B911E</SIG>
		<PAGE>32</PAGE>
		<LFUSE>YES</LFUSE>
		<HFUSE>YES</HFUSE>
		<EFUSE>YES</EFUSE>
		<LOCK>YES</LOCK>
		<CALIB>YES</CALIB>
		<PLACEMENT>.\Images\Placements\ZIF_DIP_40.bmp</PLACEMENT>
	</CHIP>

	<CHIP>
		<NAME>ATtiny44</NAME>
		<FLASH>4096</FLASH>
		<EEPROM>256</EEPROM>
		<SIG>0x0007921E</SIG>
		<PAGE>64</PAGE>
		<LFUSE>YES</LFUSE>
		<HFUSE>YES</HFUSE>
		<EFUSE>YES</EFUSE>
		<LOCK>YES</LOCK>
		<CALIB>YES</CALIB>
		<PLACEMENT>.\Images\Placements\ZIF_DIP_40.bmp</PLACEMENT>
	</CHIP>

	<CHIP>
		<NAME>ATtiny84</NAME>
		<FLASH>8192</FLASH>
		<EEPROM>512</EEPROM>
		<SIG>0x000C931E</SIG>
		<PAGE>64</PAGE>
		<LFUSE>YES</LFUSE>
		<HFUSE>YES</HFUSE>
		<EFUSE>YES</EFUSE>
		<LOCK>YES</LOCK>
		<CALIB>YES</CALIB>
		<PLACEMENT>.\Images\Placements\ZIF_DIP_40.bmp</PLACEMENT>
	</CHIP>

	<CHIP>
		<NAME>ATtiny2313</NAME>
		<FLASH>2048</FLASH>
		<EEPROM>128</EEPROM>
		<SIG>0x000A911E</SIG>
		<PAGE>32</PAGE>
		<LFUSE>YES</LFUSE>
		<HFUSE>YES</HFUSE>
		<EFUSE>YES</EFUSE>
		<LOCK>YES</LOCK>
		<CALIB>YES</CALIB>
		<PLACEMENT>.\Images\Placements\ZIF_DIP_40.bmp</PLACEMENT>
	</CHIP>

	<CHIP>
		<NAME>ATmega48</NAME>
		<FLASH>4096</FLASH>
		<EEPROM>256</EEPROM>
		<SIG>0x0005921E</SIG>
		<PAGE>64</PAGE>
		<LFUSE layout="2">YES</LFUSE>
		<HFUSE layout="3">YES</HFUSE>
		<EFUSE layout="1">YES</EFUSE>
		<LOCK>YES</LOCK>
		<CALIB>YES</CALIB>
		<PLACEMENT>.\Images\Placements\ZIF_DIP_40.bmp</PLACEMENT>
	</CHIP>

	<CHIP>
		<NAME>ATmega88</NAME>
		<FLASH>8192</FLASH>
		<EEPROM>512</EEPROM>
		<SIG>0x000A931E</SIG>
		<PAGE>64</PAGE>
		<LFUSE layout="2">YES</LFUSE>
		<HFUSE layout="3">YES</HFUSE>
		<EFUSE layout="2">YES</EFUSE>
		<LOCK>YES</LOCK>
		<CALIB>YES</CALIB>
		<PLACEMENT>.\Images\Placements\ZIF_DIP_40.bmp</PLACEMENT>
	</CHIP>

	<CHIP>
		<NAME>ATmega168</NAME>
		<FLASH>16384</FLASH>
		<EEPROM>512</EEPROM>
		<SIG>0x0006941E</SIG>
		<PAGE>128</PAGE>
		<LFUSE layout="2">YES</LFUSE>
		<HFUSE layout="3">YES</HFUSE>
		<EFUSE layout="2">YES</EFUSE>
		<LOCK>YES</LOCK>
		<CALIB>YES</CALIB>
		<PLACEMENT>.\Images\Placements\ZIF_DIP_40.bmp</PLACEMENT>
	</CHIP>


 	<CHIP>
		<NAME>ATmega328</NAME>
		<FLASH>32768</FLASH>
		<EEPROM>1024</EEPROM>
		<SIG>0x000F951E</SIG>
		<PAGE>128</PAGE>
		<LFUSE layout="2">YES</LFUSE>
		<HFUSE layout="5">YES</HFUSE>
		<EFUSE layout="4">YES</EFUSE>
		<LOCK>YES</LOCK>
		<CALIB>YES</CALIB>
		<PLACEMENT>.\Images\Placements\ZIF_DIP_40.bmp</PLACEMENT>
	</CHIP>


 	<CHIP>
		<NAME>ATmega2560</NAME>
		<FLASH>262144</FLASH>
		<EEPROM>4096</EEPROM>
		<SIG>0x0001981E</SIG>
		<PAGE>128</PAGE>
		<LFUSE layout="2">YES</LFUSE>
		<HFUSE layout="4">YES</HFUSE>
		<EFUSE layout="4">YES</EFUSE>
		<LOCK>YES</LOCK>
		<CALIB>YES</CALIB>
		<PLACEMENT>.\Images\Placements\ZIF_DIP_40.bmp</PLACEMENT>
	</CHIP>

	<CHIP>
		<NAME>ATmega169P</NAME>
		<FLASH>16384</FLASH>
		<EEPROM>512</EEPROM>
		<SIG>0x0005941E</SIG>
		<PAGE>128</PAGE>
		<LFUSE>YES</LFUSE>
		<HFUSE>YES</HFUSE>
		<EFUSE>YES</EFUSE>
		<LOCK>YES</LOCK>
		<CALIB>YES</CALIB>
		<PLACEMENT>.\Images\Placements\ZIF_DIP_40.bmp</PLACEMENT>
	</CHIP>

	

	<CHIP>
		<NAME>ATmega8515</NAME>
		<FLASH>8192</FLASH>
		<EEPROM>512</EEPROM>
		<SIG>0x0006931E</SIG>
		<PAGE>64</PAGE>
		<LFUSE>YES</LFUSE>
		<HFUSE>YES</HFUSE>
		<EFUSE>NO</EFUSE>
		<LOCK>YES</LOCK>
		<CALIB>YES</CALIB>
		<PLACEMENT>.\Images\Placements\ZIF_DIP_40.bmp</PLACEMENT>
	</CHIP>

	<CHIP>
		<NAME>ATmega8535</NAME>
		<FLASH>8192</FLASH>
		<EEPROM>512</EEPROM>
		<SIG>0x0008931E</SIG>
		<PAGE>64</PAGE>
		<LFUSE>YES</LFUSE>
		<HFUSE>YES</HFUSE>
		<EFUSE>NO</EFUSE>
		<LOCK>YES</LOCK>
		<CALIB>YES</CALIB>
		<PLACEMENT>.\Images\Placements\ZIF_DIP_40.bmp</PLACEMENT>
	</CHIP>

	

	<CHIP>
		<NAME>ATmega8</NAME>
		<FLASH>8192</FLASH>
		<EEPROM>512</EEPROM>
		<SIG>0x0007931E</SIG>
		<PAGE>64</PAGE>
		<LFUSE layout="1">YES</LFUSE>
		<HFUSE layout="1">YES</HFUSE>
		<EFUSE>NO</EFUSE>
		<LOCK>YES</LOCK>
		<CALIB>YES</CALIB>
		<PLACEMENT>.\Images\Placements\ZIF_DIP_40.bmp</PLACEMENT>
	</CHIP>

	<CHIP>
		<NAME>ATmega16</NAME>
		<FLASH>16384</FLASH>
		<EEPROM>512</EEPROM>
		<SIG>0x0003941E</SIG>
		<PAGE>128</PAGE>
		<LFUSE layout="1">YES</LFUSE>
		<HFUSE layout="2">YES</HFUSE>
		<EFUSE>NO</EFUSE>
		<LOCK>YES</LOCK>
		<CALIB>YES</CALIB>
		<PLACEMENT>.\Images\Placements\ZIF_DIP_40.bmp</PLACEMENT>
	</CHIP>

	<CHIP>
		<NAME>ATmega162</NAME>
		<FLASH>16384</FLASH>
		<EEPROM>512</EEPROM>
		<SIG>0x0004941E</SIG>
		<PAGE>128</PAGE>
		<LFUSE>YES</LFUSE>
		<HFUSE>YES</HFUSE>
		<EFUSE>YES</EFUSE>
		<LOCK>YES</LOCK>
		<CALIB>YES</CALIB>
		<PLACEMENT>.\Images\Placements\ZIF_DIP_40.bmp</PLACEMENT>
	</CHIP>

	<CHIP>
		<NAME>ATmega164PA</NAME>
		<FLASH>16384</FLASH>
		<EEPROM>512</EEPROM>
		<SIG>0x000A941E</SIG>
		<PAGE>128</PAGE>
		<LFUSE>YES</LFUSE>
		<HFUSE>YES</HFUSE>
		<EFUSE>YES</EFUSE>
		<LOCK>YES</LOCK>
		<CALIB>YES</CALIB>
		<PLACEMENT>.\Images\Placements\ZIF_DIP_40.bmp</PLACEMENT>
	</CHIP>

	<CHIP>
		<NAME>ATmega324PA</NAME>
		<FLASH>32768</FLASH>
		<EEPROM>1024</EEPROM>
		<SIG>0x0011951E</SIG>
		<PAGE>128</PAGE>
		<LFUSE>YES</LFUSE>
		<HFUSE>YES</HFUSE>
		<EFUSE>YES</EFUSE>
		<LOCK>YES</LOCK>
		<CALIB>YES</CALIB>
		<PLACEMENT>.\Images\Placements\ZIF_DIP_40.bmp</PLACEMENT>
	</CHIP>



	<CHIP>
		<NAME>ATmega32</NAME>
		<FLASH>32768</FLASH>
		<EEPROM>1024</EEPROM>
		<SIG>0x0002951E</SIG>
		<PAGE>128</PAGE>
		<LFUSE layout="1">YES</LFUSE>
		<HFUSE layout="2">YES</HFUSE>
		<EFUSE>NO</EFUSE>
		<LOCK>YES</LOCK>
		<CALIB>YES</CALIB>
		<PLACEMENT>.\Images\Placements\ZIF_DIP_40.bmp</PLACEMENT>
	</CHIP>

	<CHIP>
		<NAME>ATmega64A</NAME>
		<FLASH>65536</FLASH>
		<EEPROM>2048</EEPROM>
		<SIG>0x0002961E</SIG>
		<PAGE>256</PAGE>
		<LFUSE layout="1">YES</LFUSE>
		<HFUSE layout="2">YES</HFUSE>
		<EFUSE layout="3">YES</EFUSE>
		<LOCK>YES</LOCK>
		<CALIB>YES</CALIB>
		<PLACEMENT>.\Images\Placements\ZIF_DIP_40.bmp</PLACEMENT>
	</CHIP>
	

	<CHIP>
		<NAME>ATmega128</NAME>
		<FLASH>131072</FLASH>
		<EEPROM>4096</EEPROM>
		<SIG>0x0002971E</SIG>
		<PAGE>256</PAGE>
		<LFUSE layout="1">YES</LFUSE>
		<HFUSE layout="2">YES</HFUSE>
		<EFUSE layout="3">YES</EFUSE>
		<LOCK>YES</LOCK>
		<CALIB>YES</CALIB>
		<PLACEMENT>.\Images\Placements\ZIF_DIP_40.bmp</PLACEMENT>
	</CHIP>

	<CHIP>
		<NAME>ATmega640</NAME>
		<FLASH>66560</FLASH>
		<EEPROM>4096</EEPROM>
		<SIG>0x0008961E</SIG>
		<PAGE>256</PAGE>
		<LFUSE layout="2">YES</LFUSE>
		<HFUSE layout="4">YES</HFUSE>
		<EFUSE layout="4">YES</EFUSE>
		<LOCK>YES</LOCK>
		<CALIB>YES</CALIB>
		<PLACEMENT>.\Images\Placements\ZIF_DIP_40.bmp</PLACEMENT>
	</CHIP>
	
	<CHIP>
		<NAME>ATmega2560</NAME>
		<FLASH>262144</FLASH>
		<EEPROM>4096</EEPROM>
		<SIG>0x0001981E</SIG>
		<PAGE>256</PAGE>
		<LFUSE layout="2">YES</LFUSE>
		<HFUSE layout="4">YES</HFUSE>
		<EFUSE layout="4">YES</EFUSE>
		<LOCK>YES</LOCK>
		<CALIB>YES</CALIB>
		<PLACEMENT>.\Images\Placements\ZIF_DIP_40.bmp</PLACEMENT>
	</CHIP>
	
	 <CHIP>
        <NAME>AT90USB1268</NAME>
        <FLASH>131072</FLASH>
        <EEPROM>4096</EEPROM>
        <SIG>0x0082971E</SIG>
        <PAGE>256</PAGE>
        <LFUSE layout="3">YES</LFUSE>
        <HFUSE layout="4">YES</HFUSE>
        <EFUSE layout="5">YES</EFUSE>
        <LOCK>YES</LOCK>
        <CALIB>YES</CALIB>
        <PLACEMENT>.\Images\Placements\ZIF_DIP_40.bmp</PLACEMENT>
    </CHIP>

</CHIPLIST>

